clave,MUNICIPIO,SECCION,porcentaje_pendiente
1:1,1,1,
1:2,1,2,
1:3,1,3,
1:4,1,4,
1:5,1,5,
1:6,1,6,
1:7,1,7,
1:8,1,8,
1:9,1,9,
1:10,1,10,
1:11,1,11,
1:12,1,12,
1:13,1,13,
1:14,1,14,
1:15,1,15,
1:16,1,16,
1:17,1,17,
1:18,1,18,
1:20,1,20,
1:21,1,21,
1:22,1,22,
1:23,1,23,
1:24,1,24,
1:25,1,25,
1:26,1,26,
1:27,1,27,
1:28,1,28,
1:29,1,29,
1:30,1,30,
1:31,1,31,
1:32,1,32,
1:33,1,33,
1:34,1,34,
1:904,1,904,
1:905,1,905,
2:35,2,35,
2:36,2,36,
2:37,2,37,
2:38,2,38,
2:39,2,39,
2:40,2,40,
2:41,2,41,
2:42,2,42,
2:43,2,43,
2:44,2,44,
2:45,2,45,
3:46,3,46,
3:47,3,47,
3:48,3,48,
3:49,3,49,
3:51,3,51,
3:52,3,52,
3:53,3,53,
3:54,3,54,
3:55,3,55,
3:56,3,56,
3:57,3,57,
3:58,3,58,
3:59,3,59,
3:60,3,60,
3:61,3,61,
3:62,3,62,
3:63,3,63,
3:64,3,64,
3:65,3,65,
3:67,3,67,
3:68,3,68,
3:69,3,69,
3:70,3,70,
3:71,3,71,
3:72,3,72,
3:73,3,73,
3:74,3,74,
3:75,3,75,
3:892,3,892,
3:893,3,893,
3:969,3,969,
3:970,3,970,
4:76,4,76,
4:77,4,77,
4:78,4,78,
4:79,4,79,
4:80,4,80,
4:81,4,81,
4:82,4,82,
4:84,4,84,
4:85,4,85,
4:86,4,86,
4:87,4,87,
4:88,4,88,
4:90,4,90,
4:91,4,91,
4:94,4,94,
4:95,4,95,
4:96,4,96,
4:894,4,894,
4:895,4,895,
4:896,4,896,
4:897,4,897,
4:971,4,971,
4:972,4,972,
4:973,4,973,
4:974,4,974,
5:97,5,97,
5:98,5,98,
5:100,5,100,
5:101,5,101,
5:102,5,102,
5:103,5,103,
5:104,5,104,
5:105,5,105,
5:106,5,106,
5:107,5,107,
5:108,5,108,
5:109,5,109,
5:110,5,110,
5:111,5,111,
5:113,5,113,
5:114,5,114,
5:115,5,115,
5:117,5,117,
5:118,5,118,
5:119,5,119,
5:688,5,688,
5:689,5,689,
5:690,5,690,
5:694,5,694,
5:695,5,695,
5:764,5,764,
5:765,5,765,
5:766,5,766,
5:767,5,767,
5:768,5,768,
5:769,5,769,
5:770,5,770,
5:771,5,771,
5:772,5,772,
5:773,5,773,
5:774,5,774,
5:775,5,775,
5:776,5,776,
5:777,5,777,
5:778,5,778,
5:779,5,779,
5:780,5,780,
5:781,5,781,
5:782,5,782,
5:783,5,783,
5:784,5,784,
5:785,5,785,
5:786,5,786,
5:787,5,787,
5:788,5,788,
5:789,5,789,
5:790,5,790,
5:791,5,791,
5:792,5,792,
5:793,5,793,
5:794,5,794,
5:795,5,795,
5:796,5,796,
5:978,5,978,
5:979,5,979,
5:980,5,980,
5:981,5,981,
5:982,5,982,
5:983,5,983,
5:984,5,984,
5:1019,5,1019,
5:1020,5,1020,
5:1021,5,1021,
5:1022,5,1022,
5:1023,5,1023,
5:1024,5,1024,
5:1025,5,1025,
5:1026,5,1026,
5:1027,5,1027,
5:1028,5,1028,
5:1029,5,1029,
5:1030,5,1030,
6:122,6,122,
6:123,6,123,
6:124,6,124,
6:125,6,125,
6:126,6,126,
6:127,6,127,
6:128,6,128,
6:129,6,129,
6:130,6,130,
6:131,6,131,
6:132,6,132,
6:133,6,133,
6:134,6,134,
6:135,6,135,
6:136,6,136,
6:137,6,137,
6:138,6,138,
7:139,7,139,
7:140,7,140,
7:141,7,141,
7:142,7,142,
7:143,7,143,
7:144,7,144,
7:145,7,145,
7:146,7,146,
7:148,7,148,
7:149,7,149,
7:150,7,150,
7:151,7,151,
7:152,7,152,
7:985,7,985,
7:986,7,986,
8:153,8,153,
8:154,8,154,
8:155,8,155,
8:156,8,156,
8:157,8,157,
8:158,8,158,
8:159,8,159,
8:160,8,160,
8:161,8,161,
8:162,8,162,
8:163,8,163,
8:164,8,164,
8:165,8,165,
8:166,8,166,
8:167,8,167,
9:168,9,168,
9:169,9,169,
9:170,9,170,
9:171,9,171,
9:172,9,172,
9:173,9,173,
9:174,9,174,
9:175,9,175,
9:176,9,176,
9:177,9,177,
9:178,9,178,
9:179,9,179,
9:180,9,180,
9:181,9,181,
10:182,10,182,
10:183,10,183,
10:184,10,184,
10:185,10,185,
10:186,10,186,
10:187,10,187,
10:188,10,188,
10:189,10,189,
10:191,10,191,
10:192,10,192,
10:193,10,193,
10:194,10,194,
10:196,10,196,
10:197,10,197,
10:198,10,198,
10:199,10,199,
10:200,10,200,
10:203,10,203,
10:204,10,204,
10:206,10,206,
10:207,10,207,
10:208,10,208,
10:209,10,209,
10:555,10,555,
10:760,10,760,
10:761,10,761,
10:762,10,762,
10:763,10,763,
10:906,10,906,
10:907,10,907,
10:947,10,947,
10:948,10,948,
10:949,10,949,
10:950,10,950,
10:951,10,951,
10:952,10,952,
10:953,10,953,
10:954,10,954,
10:955,10,955,
10:956,10,956,
10:957,10,957,
10:958,10,958,
10:959,10,959,
10:960,10,960,
10:961,10,961,
10:962,10,962,
10:963,10,963,
10:964,10,964,
10:965,10,965,
10:966,10,966,
10:967,10,967,
10:968,10,968,
10:987,10,987,
10:988,10,988,
10:1031,10,1031,
10:1032,10,1032,
10:1033,10,1033,
10:1034,10,1034,
10:1035,10,1035,
10:1036,10,1036,
10:1037,10,1037,
10:1038,10,1038,
10:1039,10,1039,
10:1040,10,1040,
10:1041,10,1041,
10:1042,10,1042,
10:1043,10,1043,
10:1044,10,1044,
10:1045,10,1045,
10:1046,10,1046,
10:1047,10,1047,
10:1048,10,1048,
11:210,11,210,
11:211,11,211,
11:212,11,212,
11:213,11,213,
11:215,11,215,
11:216,11,216,
11:217,11,217,
11:218,11,218,
11:219,11,219,
11:220,11,220,
11:221,11,221,
11:222,11,222,
11:223,11,223,
11:224,11,224,
11:225,11,225,
11:226,11,226,
11:227,11,227,
11:228,11,228,
11:229,11,229,
11:230,11,230,
11:231,11,231,
11:232,11,232,
11:233,11,233,
11:908,11,908,
11:909,11,909,
12:234,12,234,
12:235,12,235,
12:236,12,236,
12:237,12,237,
12:238,12,238,
12:239,12,239,
12:240,12,240,
12:241,12,241,
12:242,12,242,
12:243,12,243,
12:244,12,244,
12:245,12,245,
12:246,12,246,
12:247,12,247,
13:248,13,248,
13:249,13,249,
13:250,13,250,
13:251,13,251,
13:252,13,252,
13:253,13,253,
13:254,13,254,
13:255,13,255,
13:256,13,256,
13:257,13,257,
13:258,13,258,
13:259,13,259,
13:260,13,260,
13:261,13,261,
13:262,13,262,
13:263,13,263,
13:264,13,264,
13:265,13,265,
14:266,14,266,
14:267,14,267,
14:268,14,268,
14:269,14,269,
14:272,14,272,
14:274,14,274,
14:275,14,275,
14:277,14,277,
14:279,14,279,
14:280,14,280,
14:281,14,281,
14:282,14,282,
14:283,14,283,
14:284,14,284,
14:285,14,285,
14:286,14,286,
14:287,14,287,
14:288,14,288,
14:289,14,289,
14:290,14,290,
14:291,14,291,
14:292,14,292,
14:294,14,294,
14:295,14,295,
14:296,14,296,
14:297,14,297,
14:298,14,298,
14:299,14,299,
14:300,14,300,
14:301,14,301,
14:302,14,302,
14:303,14,303,
14:304,14,304,
14:305,14,305,
14:306,14,306,
14:307,14,307,
14:308,14,308,
14:309,14,309,
14:310,14,310,
14:311,14,311,
14:312,14,312,
14:313,14,313,
14:314,14,314,
14:315,14,315,
14:316,14,316,
14:317,14,317,
14:318,14,318,
14:319,14,319,
14:320,14,320,
14:321,14,321,
14:322,14,322,
14:323,14,323,
14:324,14,324,
14:325,14,325,
14:326,14,326,
14:327,14,327,
14:328,14,328,
14:329,14,329,
14:330,14,330,
14:331,14,331,
14:332,14,332,
14:333,14,333,
14:334,14,334,
14:335,14,335,
14:336,14,336,
14:337,14,337,
14:338,14,338,
14:339,14,339,
14:340,14,340,
14:341,14,341,
14:342,14,342,
14:343,14,343,
14:344,14,344,
14:345,14,345,
14:346,14,346,
14:347,14,347,
14:348,14,348,
14:349,14,349,
14:350,14,350,
14:351,14,351,
14:352,14,352,
14:353,14,353,
14:354,14,354,
14:355,14,355,
14:356,14,356,
14:357,14,357,
14:358,14,358,
14:359,14,359,
14:360,14,360,
14:361,14,361,
14:362,14,362,
14:363,14,363,
14:364,14,364,
14:365,14,365,
14:366,14,366,
14:367,14,367,
14:368,14,368,
14:369,14,369,
14:370,14,370,
14:371,14,371,
14:372,14,372,
14:373,14,373,
14:374,14,374,
14:375,14,375,
14:376,14,376,
14:377,14,377,
14:378,14,378,
14:379,14,379,
14:380,14,380,
14:381,14,381,
14:382,14,382,
14:383,14,383,
14:384,14,384,
14:385,14,385,
14:386,14,386,
14:387,14,387,
14:388,14,388,
14:389,14,389,
14:390,14,390,
14:391,14,391,
14:392,14,392,
14:393,14,393,
14:394,14,394,
14:395,14,395,
14:396,14,396,
14:397,14,397,
14:398,14,398,
14:399,14,399,
14:400,14,400,
14:401,14,401,
14:402,14,402,
14:403,14,403,
14:405,14,405,
14:406,14,406,
14:407,14,407,
14:408,14,408,
14:409,14,409,
14:410,14,410,
14:411,14,411,
14:412,14,412,
14:413,14,413,
14:414,14,414,
14:415,14,415,
14:416,14,416,
14:417,14,417,
14:418,14,418,
14:419,14,419,
14:420,14,420,
14:421,14,421,
14:422,14,422,
14:423,14,423,
14:424,14,424,
14:425,14,425,
14:426,14,426,
14:427,14,427,
14:428,14,428,
14:429,14,429,
14:430,14,430,
14:431,14,431,
14:432,14,432,
14:433,14,433,
14:434,14,434,
14:435,14,435,
14:436,14,436,
14:437,14,437,
14:438,14,438,
14:439,14,439,
14:440,14,440,
14:441,14,441,
14:442,14,442,
14:443,14,443,
14:444,14,444,
14:445,14,445,
14:446,14,446,
14:447,14,447,
14:448,14,448,
14:449,14,449,
14:450,14,450,
14:451,14,451,
14:452,14,452,
14:453,14,453,
14:454,14,454,
14:455,14,455,
14:456,14,456,
14:457,14,457,
14:458,14,458,
14:459,14,459,
14:460,14,460,
14:461,14,461,
14:462,14,462,
14:463,14,463,
14:464,14,464,
14:465,14,465,
14:466,14,466,
14:467,14,467,
14:468,14,468,
14:469,14,469,
14:470,14,470,
14:471,14,471,
14:472,14,472,
14:473,14,473,
14:474,14,474,
14:475,14,475,
14:476,14,476,
14:477,14,477,
14:478,14,478,
14:479,14,479,
14:480,14,480,
14:481,14,481,
14:482,14,482,
14:483,14,483,
14:484,14,484,
14:485,14,485,
14:486,14,486,
14:487,14,487,
14:488,14,488,
14:489,14,489,
14:490,14,490,
14:492,14,492,
14:493,14,493,
14:494,14,494,
14:495,14,495,
14:496,14,496,
14:497,14,497,
14:498,14,498,
14:499,14,499,
14:500,14,500,
14:501,14,501,
14:502,14,502,
14:503,14,503,
14:504,14,504,
14:505,14,505,
14:506,14,506,
14:507,14,507,
14:508,14,508,
14:509,14,509,
14:510,14,510,
14:511,14,511,
14:512,14,512,
14:513,14,513,
14:514,14,514,
14:515,14,515,
14:516,14,516,
14:518,14,518,
14:519,14,519,
14:520,14,520,
14:521,14,521,
14:522,14,522,
14:523,14,523,
14:524,14,524,
14:525,14,525,
14:526,14,526,
14:527,14,527,
14:528,14,528,
14:529,14,529,
14:530,14,530,
14:531,14,531,
14:532,14,532,
14:533,14,533,
14:534,14,534,
14:535,14,535,
14:536,14,536,
14:537,14,537,
14:538,14,538,
14:539,14,539,
14:540,14,540,
14:542,14,542,
14:543,14,543,
14:544,14,544,
14:545,14,545,
14:546,14,546,
14:547,14,547,
14:548,14,548,
14:549,14,549,
14:550,14,550,
14:554,14,554,
14:691,14,691,
14:692,14,692,
14:693,14,693,
14:696,14,696,
14:697,14,697,
14:698,14,698,
14:699,14,699,
14:700,14,700,
14:701,14,701,
14:702,14,702,
14:703,14,703,
14:704,14,704,
14:705,14,705,
14:706,14,706,
14:707,14,707,
14:708,14,708,
14:709,14,709,
14:710,14,710,
14:711,14,711,
14:712,14,712,
14:713,14,713,
14:714,14,714,
14:715,14,715,
14:716,14,716,
14:717,14,717,
14:718,14,718,
14:719,14,719,
14:720,14,720,
14:721,14,721,
14:722,14,722,
14:723,14,723,
14:724,14,724,
14:725,14,725,
14:726,14,726,
14:727,14,727,
14:728,14,728,
14:729,14,729,
14:730,14,730,
14:731,14,731,
14:732,14,732,
14:733,14,733,
14:734,14,734,
14:735,14,735,
14:736,14,736,
14:737,14,737,
14:738,14,738,
14:739,14,739,
14:740,14,740,
14:741,14,741,
14:742,14,742,
14:743,14,743,
14:744,14,744,
14:745,14,745,
14:746,14,746,
14:747,14,747,
14:748,14,748,
14:749,14,749,
14:750,14,750,
14:751,14,751,
14:752,14,752,
14:753,14,753,
14:755,14,755,
14:756,14,756,
14:757,14,757,
14:758,14,758,
14:759,14,759,
14:819,14,819,
14:820,14,820,
14:821,14,821,
14:822,14,822,
14:823,14,823,
14:824,14,824,
14:825,14,825,
14:826,14,826,
14:827,14,827,
14:828,14,828,
14:829,14,829,
14:830,14,830,
14:831,14,831,
14:832,14,832,
14:833,14,833,
14:834,14,834,
14:835,14,835,
14:836,14,836,
14:837,14,837,
14:838,14,838,
14:839,14,839,
14:840,14,840,
14:841,14,841,
14:842,14,842,
14:843,14,843,
14:844,14,844,
14:845,14,845,
14:846,14,846,
14:847,14,847,
14:848,14,848,
14:849,14,849,
14:850,14,850,
14:851,14,851,
14:852,14,852,
14:853,14,853,
14:854,14,854,
14:855,14,855,
14:856,14,856,
14:857,14,857,
14:858,14,858,
14:859,14,859,
14:860,14,860,
14:861,14,861,
14:862,14,862,
14:863,14,863,
14:864,14,864,
14:865,14,865,
14:866,14,866,
14:867,14,867,
14:868,14,868,
14:869,14,869,
14:870,14,870,
14:871,14,871,
14:872,14,872,
14:873,14,873,
14:874,14,874,
14:875,14,875,
14:876,14,876,
14:877,14,877,
14:878,14,878,
14:879,14,879,
14:880,14,880,
14:881,14,881,
14:882,14,882,
14:883,14,883,
14:884,14,884,
14:885,14,885,
14:886,14,886,
14:887,14,887,
14:888,14,888,
14:889,14,889,
14:890,14,890,
14:891,14,891,
14:902,14,902,
14:903,14,903,
14:918,14,918,
14:919,14,919,
14:920,14,920,
14:921,14,921,
14:922,14,922,
14:923,14,923,
14:924,14,924,
14:934,14,934,
14:935,14,935,
14:936,14,936,
14:937,14,937,
14:938,14,938,
14:939,14,939,
14:940,14,940,
14:941,14,941,
14:942,14,942,
14:943,14,943,
14:944,14,944,
14:945,14,945,
14:946,14,946,
14:989,14,989,
14:990,14,990,
14:991,14,991,
14:992,14,992,
14:993,14,993,
14:994,14,994,
14:995,14,995,
14:996,14,996,
14:997,14,997,
14:998,14,998,
14:999,14,999,
14:1000,14,1000,
14:1001,14,1001,
14:1002,14,1002,
14:1003,14,1003,
14:1004,14,1004,
14:1005,14,1005,
14:1006,14,1006,
14:1007,14,1007,
14:1008,14,1008,
14:1009,14,1009,
14:1010,14,1010,
14:1011,14,1011,
14:1012,14,1012,
14:1013,14,1013,
14:1014,14,1014,
14:1015,14,1015,
14:1016,14,1016,
14:1017,14,1017,
14:1018,14,1018,
15:556,15,556,
15:557,15,557,
15:558,15,558,
15:559,15,559,
15:560,15,560,
15:561,15,561,
15:562,15,562,
16:563,16,563,
16:564,16,564,
16:567,16,567,
16:568,16,568,
16:569,16,569,
16:570,16,570,
16:571,16,571,
16:572,16,572,
16:573,16,573,
16:574,16,574,
16:575,16,575,
16:576,16,576,
16:577,16,577,
16:578,16,578,
16:579,16,579,
16:580,16,580,
16:581,16,581,
16:582,16,582,
16:583,16,583,
16:584,16,584,
16:586,16,586,
16:587,16,587,
16:588,16,588,
16:589,16,589,
16:590,16,590,
16:591,16,591,
16:592,16,592,
16:593,16,593,
16:594,16,594,
16:595,16,595,
16:596,16,596,
16:597,16,597,
16:598,16,598,
16:599,16,599,
16:600,16,600,
16:601,16,601,
16:602,16,602,
16:603,16,603,
16:604,16,604,
16:605,16,605,
16:606,16,606,
16:607,16,607,
16:608,16,608,
16:609,16,609,
16:610,16,610,
16:611,16,611,
16:612,16,612,
16:613,16,613,
16:614,16,614,
16:615,16,615,
16:616,16,616,
16:618,16,618,
16:619,16,619,
16:620,16,620,
16:621,16,621,
16:622,16,622,
16:624,16,624,
16:625,16,625,
16:626,16,626,
16:628,16,628,
16:629,16,629,
16:630,16,630,
16:631,16,631,
16:633,16,633,
16:634,16,634,
16:635,16,635,
16:636,16,636,
16:637,16,637,
16:638,16,638,
16:639,16,639,
16:640,16,640,
16:641,16,641,
16:642,16,642,
16:643,16,643,
16:797,16,797,
16:798,16,798,
16:799,16,799,
16:800,16,800,
16:801,16,801,
16:802,16,802,
16:803,16,803,
16:804,16,804,
16:805,16,805,
16:806,16,806,
16:807,16,807,
16:808,16,808,
16:809,16,809,
16:810,16,810,
16:811,16,811,
16:812,16,812,
16:813,16,813,
16:814,16,814,
16:815,16,815,
16:816,16,816,
16:817,16,817,
16:818,16,818,
16:898,16,898,
16:899,16,899,
16:900,16,900,
16:901,16,901,
16:910,16,910,
16:911,16,911,
16:912,16,912,
16:913,16,913,
16:914,16,914,
16:915,16,915,
16:916,16,916,
16:917,16,917,
16:925,16,925,
16:926,16,926,
16:927,16,927,
16:928,16,928,
16:929,16,929,
16:930,16,930,
16:931,16,931,
16:932,16,932,
16:933,16,933,
16:975,16,975,
16:976,16,976,
16:977,16,977,
17:644,17,644,
17:645,17,645,
17:646,17,646,
17:647,17,647,
17:648,17,648,
17:649,17,649,
17:650,17,650,
17:651,17,651,
17:652,17,652,
17:653,17,653,
17:654,17,654,
17:655,17,655,
17:656,17,656,
17:657,17,657,
17:658,17,658,
17:659,17,659,
17:660,17,660,
17:661,17,661,
17:662,17,662,
17:663,17,663,
17:664,17,664,
17:665,17,665,
17:666,17,666,
17:667,17,667,
17:668,17,668,
17:669,17,669,
17:670,17,670,
17:671,17,671,
17:672,17,672,
17:673,17,673,
18:674,18,674,
18:675,18,675,
18:676,18,676,
18:677,18,677,
18:678,18,678,
18:679,18,679,
18:680,18,680,
18:681,18,681,
18:682,18,682,
18:683,18,683,
18:684,18,684,
18:686,18,686,
18:687,18,687,
